Workbook

Sheet Fielding Data
A1: Cricket Fielding Analysis — 2024 ICC Men's T20 World Cup Final
A2: India (fielding) vs South Africa | Kensington Oval, Bridgetown, Barbados | 29 June 2024 | South Africa innings (chasing 177)
A4: Pick codes: | B4: Y = Clean Pick N = Fumble C = Catch DC = Dropped Catch S = Stumping
A5: Throw codes: | B5: Y = Good Throw N = Bad Throw DH = Direct Hit RO = Run Out MR = Missed Run Out
A6: Runs: | B6: "+" = runs saved by the fielding effort, "-" = runs conceded
A8: Match No. | B8: Innings | C8: Team | D8: Player Name | E8: BallCount | F8: Position | G8: Short Description | H8: Pick | I8: Throw | J8: Runs | K8: Overcount | L8: Venue | M8: Stadium | N8: Source / Note
A9: T20WC2024-Final | B9: 2 | C9: India | D9: Rishabh Pant | E9: 2.3 | F9: Wicketkeeper | G9: Markram edges a wide, full delivery hard and low; keeper dives to his right for a sharp take. | H9: C | J9: 0 | K9: 3 | L9: Bridgetown, Barbados | M9: Kensington Oval | N9: Verified – ESPNcricinfo scorecard/commentary
A10: T20WC2024-Final | B10: 2 | C10: India | D10: Kuldeep Yadav | E10: 12.3 | F10: Deep Midwicket (boundary rider) | G10: De Kock rocks back to flick into the gap, but Kuldeep has already dropped onto the rope and barely has to move — turns a certain six into a wicket. | H10: C | J10: 1 | K10: 13 | L10: Bridgetown, Barbados | M10: Kensington Oval | N10: Verified – ESPNcricinfo scorecard/commentary
A11: T20WC2024-Final | B11: 2 | C11: India | D11: Rishabh Pant | E11: 16.1 | F11: Wicketkeeper | G11: Klaasen reaches for a full, wide ball and gets a thin outside edge; routine take for the keeper. | H11: C | J11: 0 | K11: 17 | L11: Bridgetown, Barbados | M11: Kensington Oval | N11: Verified – ESPNcricinfo scorecard/commentary
A12: T20WC2024-Final | B12: 2 | C12: India | D12: Suryakumar Yadav | E12: 19.1 | F12: Long-off (deep, near boundary) | G12: Miller middles a flogged drive over long-off that looked a certain six; fielder sprints round from out wide, clutches it one-handed while toppling over the rope, keeps his feet inbounds and relays the ball back to himself before completing the catch. | H12: C | J12: 6 | K12: 20 | L12: Bridgetown, Barbados | M12: Kensington Oval | N12: Verified – ESPNcricinfo scorecard/commentary; widely reported as the catch of the tournament
A13: T20WC2024-Final | B13: 2 | C13: India | D13: Rishabh Pant | E13: 19.3 | F13: Wicketkeeper | G13: Full ball beats the batter outside off; keeper can't gather it cleanly and the batters sneak through for a bye. | H13: N | J13: -1 | K13: 20 | L13: Bridgetown, Barbados | M13: Kensington Oval | N13: Verified – ESPNcricinfo ball-by-ball commentary
A14: T20WC2024-Final | B14: 2 | C14: India | D14: Suryakumar Yadav | E14: 19.5 | F14: Long-off / deep cover region | G14: Rabada heaves a length ball hard but without enough elevation; comfortable take in the deep to seal the chase. | H14: C | J14: 0 | K14: 20 | L14: Bridgetown, Barbados | M14: Kensington Oval | N14: Verified – ESPNcricinfo scorecard/commentary
A16: Methodology note: | B16: Every row above is a real, documented fielding action for these three players in this innings, sourced from the official ESPNcricinfo scorecard and ball-by-ball commentary (catches, dismissals, and the one bye conceded). These were the only fielding involvements specifically attributable to Pant, Kuldeep Yadav and Suryakumar Yadav that are part of the public record for this innings — a literal every-ball log (clean picks/fumbles on routine, non-event deliveries) requires watching the match footage, which this assistant cannot do. Add further rows below the data block, using the same column structure, as you log additional balls from the broadcast.

Sheet Performance Matrix
A1: Sample Performance Matrix
A3: Weights (W)
A4: W_CP (Clean Pick) | B4: 1
A5: W_GT (Good Throw) | B5: 1
A6: W_C (Catch) | B6: 3
A7: W_DC (Dropped Catch, subtracted) | B7: 3
A8: W_ST (Stumping) | B8: 3
A9: W_RO (Run Out) | B9: 3
A10: W_MRO (Missed Run Out, subtracted) | B10: 2
A11: W_DH (Direct Hit) | B11: 2
A13: PS = (CP×W_CP) + (GT×W_GT) + (C×W_C) − (DC×W_DC) + (ST×W_ST) + (RO×W_RO) − (MRO×W_MRO) + (DH×W_DH) + RS
A16: Player Name | B16: Clean Picks (CP) | C16: Good Throws (GT) | D16: Catches (C) | E16: Dropped Catches (DC) | F16: Stumpings (ST) | G16: Run Outs (RO) | H16: Missed Run Outs (MRO) | I16: Direct Hits (DH) | J16: Runs Saved (RS) | K16: Performance Score (PS)
A17: Rishabh Pant | B17: =COUNTIFS('Fielding Data'!$D:$D,$A$17,'Fielding Data'!$H:$H,"Y") -> 0 | C17: =COUNTIFS('Fielding Data'!$D:$D,$A$17,'Fielding Data'!$I:$I,"Y") -> 0 | D17: =COUNTIFS('Fielding Data'!$D:$D,$A$17,'Fielding Data'!$H:$H,"C") -> 2 | E17: =COUNTIFS('Fielding Data'!$D:$D,$A$17,'Fielding Data'!$H:$H,"DC") -> 0 | F17: =COUNTIFS('Fielding Data'!$D:$D,$A$17,'Fielding Data'!$H:$H,"S") -> 0 | G17: =COUNTIFS('Fielding Data'!$D:$D,$A$17,'Fielding Data'!$I:$I,"RO") -> 0 | H17: =COUNTIFS('Fielding Data'!$D:$D,$A$17,'Fielding Data'!$I:$I,"MR") -> 0 | I17: =COUNTIFS('Fielding Data'!$D:$D,$A$17,'Fielding Data'!$I:$I,"DH") -> 0 | J17: =SUMIFS('Fielding Data'!$J:$J,'Fielding Data'!$D:$D,$A$17) -> -1 | K17: =(B17*$B$4)+(C17*$B$5)+(D17*$B$6)-(E17*$B$7)+(F17*$B$8)+(G17*$B$9)-(H17*$B$10)+(I17*$B$11)+J17 -> 5
A18: Kuldeep Yadav | B18: =COUNTIFS('Fielding Data'!$D:$D,$A$18,'Fielding Data'!$H:$H,"Y") -> 0 | C18: =COUNTIFS('Fielding Data'!$D:$D,$A$18,'Fielding Data'!$I:$I,"Y") -> 0 | D18: =COUNTIFS('Fielding Data'!$D:$D,$A$18,'Fielding Data'!$H:$H,"C") -> 1 | E18: =COUNTIFS('Fielding Data'!$D:$D,$A$18,'Fielding Data'!$H:$H,"DC") -> 0 | F18: =COUNTIFS('Fielding Data'!$D:$D,$A$18,'Fielding Data'!$H:$H,"S") -> 0 | G18: =COUNTIFS('Fielding Data'!$D:$D,$A$18,'Fielding Data'!$I:$I,"RO") -> 0 | H18: =COUNTIFS('Fielding Data'!$D:$D,$A$18,'Fielding Data'!$I:$I,"MR") -> 0 | I18: =COUNTIFS('Fielding Data'!$D:$D,$A$18,'Fielding Data'!$I:$I,"DH") -> 0 | J18: =SUMIFS('Fielding Data'!$J:$J,'Fielding Data'!$D:$D,$A$18) -> 1 | K18: =(B18*$B$4)+(C18*$B$5)+(D18*$B$6)-(E18*$B$7)+(F18*$B$8)+(G18*$B$9)-(H18*$B$10)+(I18*$B$11)+J18 -> 4
A19: Suryakumar Yadav | B19: =COUNTIFS('Fielding Data'!$D:$D,$A$19,'Fielding Data'!$H:$H,"Y") -> 0 | C19: =COUNTIFS('Fielding Data'!$D:$D,$A$19,'Fielding Data'!$I:$I,"Y") -> 0 | D19: =COUNTIFS('Fielding Data'!$D:$D,$A$19,'Fielding Data'!$H:$H,"C") -> 2 | E19: =COUNTIFS('Fielding Data'!$D:$D,$A$19,'Fielding Data'!$H:$H,"DC") -> 0 | F19: =COUNTIFS('Fielding Data'!$D:$D,$A$19,'Fielding Data'!$H:$H,"S") -> 0 | G19: =COUNTIFS('Fielding Data'!$D:$D,$A$19,'Fielding Data'!$I:$I,"RO") -> 0 | H19: =COUNTIFS('Fielding Data'!$D:$D,$A$19,'Fielding Data'!$I:$I,"MR") -> 0 | I19: =COUNTIFS('Fielding Data'!$D:$D,$A$19,'Fielding Data'!$I:$I,"DH") -> 0 | J19: =SUMIFS('Fielding Data'!$J:$J,'Fielding Data'!$D:$D,$A$19) -> 6 | K19: =(B19*$B$4)+(C19*$B$5)+(D19*$B$6)-(E19*$B$7)+(F19*$B$8)+(G19*$B$9)-(H19*$B$10)+(I19*$B$11)+J19 -> 12
A22: Worked Calculations
A23: Rishabh Pant: | B23: 2 catches (Markram, Klaasen) for +6, minus 1 conceded run from a missed gather behind the stumps (-1).
A24: Kuldeep Yadav: | B24: 1 catch at the long boundary (de Kock) that also denied a near-certain six, worth +3 for the catch and +1 runs saved.
A25: Suryakumar Yadav: | B25: 2 catches (Miller, Rabada); the Miller catch alone is credited with +6 runs saved as it turned a struck six into a dismissal.
A27: Note: | B27: All counts and PS values above are live formulas pulling from the 'Fielding Data' sheet — add more rows there and these figures update automatically.
