Workbook

Sheet Match Info
B2: Cricket Fielding Performance Analysis
B4: Match | C4: ICC Women's T20 World Cup 2026 — 11th Match, Group 1
B5: Teams | C5: Pakistan Women vs South Africa Women
B6: Venue | C6: Edgbaston, Birmingham, England
B7: Date | C7: 17 June 2026 (D/N)
B8: Result | C8: South Africa Women won by 2 wickets (19 balls remaining)
B9: Innings analysed | C9: 2nd Innings — South Africa Women batting, chasing 127 (Pakistan fielding)
B10: Pakistan total (1st innings) | C10: 126/9 in 20 overs (Fatima Sana 55* off 38)
B11: South Africa total (2nd innings) | C11: 127/8 in 16.5 overs (Annerie Dercksen 52 off 35)
B12: Players analysed | C12: Tuba Hassan, Sadia Iqbal, Fatima Sana (Pakistan fielders)
B13: Data source | C13: Reconstructed from published match reports and ball-by-ball commentary (ESPNcricinfo, ICC, Olympics.com). Event sequencing follows reported match narrative; exact ball-level fielding detail not publicly tabulated and has been reasonably reconstructed for analytical demonstration purposes.
B15: How to use this workbook
B16: 1. 'Legend' sheet defines every coded category used in the Pick and Throw columns.
B17: 2. 'Raw Fielding Data' sheet contains the ball-by-ball log — one row per fielding-relevant delivery.
B18: 3. 'Performance Matrix' sheet auto-calculates each player's totals and Performance Score (PS) from the raw data using SUMIFS formulas — it updates automatically if you edit the raw data.
B19: 4. The PS formula and weights are shown at the bottom of the Performance Matrix sheet.

Sheet Legend
B2: Category Legend
B4: PICK categories
B5: Code | C5: Meaning | D5: Scoring impact
B6: Clean Pick | C6: Fielder gathers the ball cleanly with no fumble | D6: +1 (CP)
B7: Good Throw | C7: Accurate, hard, flat throw back to the keeper/bowler | D7: +1 (GT)
B8: Fumble | C8: Fielder misfields / spills the ball momentarily, costing time | D8: 0 (logged for context; no direct PS term)
B9: Bad Throw | C9: Wayward or weak throw that fails to threaten the batter | D9: 0 (logged for context; no direct PS term)
B10: Catch | C10: Fielder completes a catch to dismiss the batter | D10: +3 (C)
B11: Drop Catch | C11: Fielder fails to complete a catchable chance | D11: -3 (DC)
B13: THROW / DISMISSAL categories
B14: Code | C14: Meaning | D14: Scoring impact
B15: Run Out | C15: Fielding effort directly results in a run-out | D15: +3 (RO)
B16: Missed Run Out | C16: A clear run-out chance is missed/not completed | D16: -2 (MRO)
B17: Stumping | C17: Wicketkeeper completes a stumping | D17: +3 (ST)
B18: Missed Stumping | C18: Wicketkeeper fails to complete a clear stumping chance | D18: logged for context; no direct PS term
B19: Direct Hit | C19: Throw hits the stumps directly without keeper/bowler relay | D19: +2 (DH) — recorded alongside Run Out/Missed Run Out where applicable
B21: RUNS column
B22: Positive (+) = runs saved by good fielding. Negative (−) = runs conceded due to a fielding error (overthrow, fumble allowing extra run, misfield boundary, etc.). Added to PS as-is (RS).

Sheet Raw Fielding Data
A1: Raw Ball-by-Ball Fielding Data
A2: South Africa Women innings (chasing 127) — Pakistan Women fielding | Edgbaston, Birmingham | 17 June 2026
A6: Match No. | B6: Innings | C6: Team (Fielding) | D6: Player Name | E6: BallCount | F6: Position | G6: Short Description | H6: Pick | I6: Throw | J6: Runs | K6: Overcount | L6: Venue | M6: Stadium
A7: WT20WC2026-G1-11 | B7: 2 | C7: Pakistan Women | D7: Fatima Sana | E7: 0.3 | F7: mid off | G7: Defends to mid off, easy single available | H7: Clean Pick | I7: Good Throw | J7: 0 | K7: 1 | L7: Birmingham | M7: Edgbaston
A8: WT20WC2026-G1-11 | B8: 2 | C8: Pakistan Women | D8: Sadia Iqbal | E8: 0.5 | F8: point | G8: Pushed to point, sharp pick saves the second run | H8: Clean Pick | I8: Good Throw | J8: 1 | K8: 1 | L8: Birmingham | M8: Edgbaston
A9: WT20WC2026-G1-11 | B9: 2 | C9: Pakistan Women | D9: Tuba Hassan | E9: 1.2 | F9: cover | G9: Driven to cover, fielded cleanly | H9: Clean Pick | I9: Good Throw | J9: 0 | K9: 2 | L9: Birmingham | M9: Edgbaston
A10: WT20WC2026-G1-11 | B10: 2 | C10: Pakistan Women | D10: Fatima Sana | E10: 1.6 | F10: mid on | G10: Sune Luus mistimes towards mid on | H10: Catch | J10: 0 | K10: 2 | L10: Birmingham | M10: Edgbaston
A11: WT20WC2026-G1-11 | B11: 2 | C11: Pakistan Women | D11: Sadia Iqbal | E11: 2.2 | F11: extra cover | G11: Fumbles a routine pick, batters cross for two | H11: Fumble | I11: Bad Throw | J11: -2 | K11: 3 | L11: Birmingham | M11: Edgbaston
A12: WT20WC2026-G1-11 | B12: 2 | C12: Pakistan Women | D12: Tuba Hassan | E12: 2.5 | F12: mid wicket | G12: Clean stop in the deep, denies the second run | H12: Clean Pick | I12: Good Throw | J12: 1 | K12: 3 | L12: Birmingham | M12: Edgbaston
A13: WT20WC2026-G1-11 | B13: 2 | C13: Pakistan Women | D13: Fatima Sana | E13: 4.1 | F13: long on | G13: Dercksen lofts over long on, Sana inside the rope but ball just clears her reach | H13: Fumble | I13: Bad Throw | J13: -1 | K13: 5 | L13: Birmingham | M13: Edgbaston
A14: WT20WC2026-G1-11 | B14: 2 | C14: Pakistan Women | D14: Tuba Hassan | E14: 4.4 | F14: deep mid wicket | G14: Boundary chase, dives but cannot prevent the four | H14: Bad Throw | J14: -1 | K14: 5 | L14: Birmingham | M14: Edgbaston
A15: WT20WC2026-G1-11 | B15: 2 | C15: Pakistan Women | D15: Fatima Sana | E15: 6.3 | F15: bowler | G15: Hard return catch off her own bowling, juggles and drops it | H15: Drop Catch | J15: -4 | K15: 7 | L15: Birmingham | M15: Edgbaston
A16: WT20WC2026-G1-11 | B16: 2 | C16: Pakistan Women | D16: Sadia Iqbal | E16: 7.2 | F16: short mid wicket | G16: Sharp single saved with a quick pick and underarm flick | H16: Clean Pick | I16: Good Throw | J16: 1 | K16: 8 | L16: Birmingham | M16: Edgbaston
A17: WT20WC2026-G1-11 | B17: 2 | C17: Pakistan Women | D17: Tuba Hassan | E17: 7.5 | F17: point | G17: Kapp drives to point, fielded and returned well | H17: Clean Pick | I17: Good Throw | J17: 0 | K17: 8 | L17: Birmingham | M17: Edgbaston
A18: WT20WC2026-G1-11 | B18: 2 | C18: Pakistan Women | D18: Tuba Hassan | E18: 8.4 | F18: cover | G18: Sharp pick and flat throw to the keeper's end | H18: Clean Pick | I18: Good Throw | J18: 0 | K18: 9 | L18: Birmingham | M18: Edgbaston
A19: WT20WC2026-G1-11 | B19: 2 | C19: Pakistan Women | D19: Sadia Iqbal | E19: 8.6 | F19: mid off | G19: Kapp sets off for a tight single, direct hit from mid off catches her short | H19: Clean Pick | I19: Run Out | J19: 0 | K19: 9 | L19: Birmingham | M19: Edgbaston
A20: WT20WC2026-G1-11 | B20: 2 | C20: Pakistan Women | D20: Fatima Sana | E20: 9.3 | F20: long off | G20: Dercksen looks to clear long off, well-judged stop on the rope saves four | H20: Clean Pick | I20: Good Throw | J20: 4 | K20: 10 | L20: Birmingham | M20: Edgbaston
A21: WT20WC2026-G1-11 | B21: 2 | C21: Pakistan Women | D21: Tuba Hassan | E21: 9.6 | F21: bowler | G21: Dercksen completely beaten and bowled (wicket to the bowler, not a fielding action) | H21: Clean Pick | J21: 0 | K21: 10 | L21: Birmingham | M21: Edgbaston
A22: WT20WC2026-G1-11 | B22: 2 | C22: Pakistan Women | D22: Sadia Iqbal | E22: 10.2 | F22: mid on | G22: Tryon mistimes a pull straight to mid on | H22: Catch | J22: 0 | K22: 11 | L22: Birmingham | M22: Edgbaston
A23: WT20WC2026-G1-11 | B23: 2 | C23: Pakistan Women | D23: Tuba Hassan | E23: 11.4 | F23: deep square leg | G23: Direct throw at the striker's end drifts wide of the stumps, missed run-out chance | H23: Bad Throw | I23: Missed Run Out | J23: -1 | K23: 12 | L23: Birmingham | M23: Edgbaston
A24: WT20WC2026-G1-11 | B24: 2 | C24: Pakistan Women | D24: Sadia Iqbal | E24: 12.5 | F24: point | G24: Reyneke edges and is caught low down at point | H24: Catch | J24: 0 | K24: 13 | L24: Birmingham | M24: Edgbaston
A25: WT20WC2026-G1-11 | B25: 2 | C25: Pakistan Women | D25: Fatima Sana | E25: 13.3 | F25: extra cover | G25: Crisp stop in the covers, denies a certain two | H25: Clean Pick | I25: Good Throw | J25: 2 | K25: 14 | L25: Birmingham | M25: Edgbaston
A26: WT20WC2026-G1-11 | B26: 2 | C26: Pakistan Women | D26: Tuba Hassan | E26: 13.6 | F26: mid wicket | G26: Good direct hit attempt from mid wicket, batters had already crossed safely | H26: Clean Pick | I26: Direct Hit | J26: 0 | K26: 14 | L26: Birmingham | M26: Edgbaston
A27: WT20WC2026-G1-11 | B27: 2 | C27: Pakistan Women | D27: Sadia Iqbal | E27: 14.2 | F27: short cover | G27: Sharp dive to cut off a certain boundary | H27: Clean Pick | I27: Good Throw | J27: 3 | K27: 15 | L27: Birmingham | M27: Edgbaston
A28: WT20WC2026-G1-11 | B28: 2 | C28: Pakistan Women | D28: Fatima Sana | E28: 15.5 | F28: mid off | G28: de Klerk holes out to mid off, sharp running catch | H28: Catch | J28: 0 | K28: 16 | L28: Birmingham | M28: Edgbaston
A29: WT20WC2026-G1-11 | B29: 2 | C29: Pakistan Women | D29: Tuba Hassan | E29: 16.3 | F29: cover | G29: Hassan calls for a tight single, direct hit from cover ends the partnership | H29: Clean Pick | I29: Run Out | J29: 0 | K29: 17 | L29: Birmingham | M29: Edgbaston
A30: WT20WC2026-G1-11 | B30: 2 | C30: Pakistan Women | D30: Sadia Iqbal | E30: 16.5 | F30: third man | G30: Final boundary down to third man seals the chase, no fielding chance | H30: Clean Pick | J30: -4 | K30: 17 | L30: Birmingham | M30: Edgbaston
A32: Note: Reconstructed from published match reports/commentary for analytical demonstration. Ball/over numbers reflect approximate phase of innings consistent with the reported match narrative; not an official ball-by-ball release.

Sheet Performance Matrix
A1: Fielding Performance Matrix
A2: Auto-calculated from 'Raw Fielding Data' — values update automatically if raw data changes
A4: Scoring Weights (inputs)
A5: WCP (Clean Pick) | B5: WGT (Good Throw) | C5: WC (Catch) | D5: WDC (Dropped Catch) | E5: WST (Stumping) | F5: WRO (Run Out) | G5: WMRO (Missed Run Out) | H5: WDH (Direct Hit)
A6: 1 | B6: 1 | C6: 3 | D6: -3 | E6: 3 | F6: 3 | G6: -2 | H6: 2
A8: Sample Performance Matrix
A9: Player Name | B9: Clean Picks (CP) | C9: Good Throws (GT) | D9: Catches (C) | E9: Dropped Catches (DC) | F9: Stumpings (ST) | G9: Run Outs (RO) | H9: Missed Run Outs (MRO) | I9: Direct Hits (DH) | J9: Runs Saved (RS) | K9: Performance Score (PS)
A10: Tuba Hassan | B10: =COUNTIFS('Raw Fielding Data'!$D$7:$D$30,$A10,'Raw Fielding Data'!$H$7:$H$30,"Clean Pick") -> 7 | C10: =COUNTIFS('Raw Fielding Data'!$D$7:$D$30,$A10,'Raw Fielding Data'!$I$7:$I$30,"Good Throw") -> 4 | D10: =COUNTIFS('Raw Fielding Data'!$D$7:$D$30,$A10,'Raw Fielding Data'!$H$7:$H$30,"Catch") -> 0 | E10: =COUNTIFS('Raw Fielding Data'!$D$7:$D$30,$A10,'Raw Fielding Data'!$H$7:$H$30,"Drop Catch") -> 0 | F10: =COUNTIFS('Raw Fielding Data'!$D$7:$D$30,$A10,'Raw Fielding Data'!$I$7:$I$30,"Stumping") -> 0 | G10: =COUNTIFS('Raw Fielding Data'!$D$7:$D$30,$A10,'Raw Fielding Data'!$I$7:$I$30,"Run Out") -> 1 | H10: =COUNTIFS('Raw Fielding Data'!$D$7:$D$30,$A10,'Raw Fielding Data'!$I$7:$I$30,"Missed Run Out") -> 1 | I10: =COUNTIFS('Raw Fielding Data'!$D$7:$D$30,$A10,'Raw Fielding Data'!$I$7:$I$30,"Direct Hit") -> 1 | J10: =SUMIFS('Raw Fielding Data'!$J$7:$J$30,'Raw Fielding Data'!$D$7:$D$30,$A10) -> -1 | K10: =(B10*$A$6)+(C10*$B$6)+(D10*$C$6)+(E10*$D$6)+(F10*$E$6)+(G10*$F$6)+(H10*$G$6)+(I10*$H$6)+J10 -> 13
A11: Sadia Iqbal | B11: =COUNTIFS('Raw Fielding Data'!$D$7:$D$30,$A11,'Raw Fielding Data'!$H$7:$H$30,"Clean Pick") -> 5 | C11: =COUNTIFS('Raw Fielding Data'!$D$7:$D$30,$A11,'Raw Fielding Data'!$I$7:$I$30,"Good Throw") -> 3 | D11: =COUNTIFS('Raw Fielding Data'!$D$7:$D$30,$A11,'Raw Fielding Data'!$H$7:$H$30,"Catch") -> 2 | E11: =COUNTIFS('Raw Fielding Data'!$D$7:$D$30,$A11,'Raw Fielding Data'!$H$7:$H$30,"Drop Catch") -> 0 | F11: =COUNTIFS('Raw Fielding Data'!$D$7:$D$30,$A11,'Raw Fielding Data'!$I$7:$I$30,"Stumping") -> 0 | G11: =COUNTIFS('Raw Fielding Data'!$D$7:$D$30,$A11,'Raw Fielding Data'!$I$7:$I$30,"Run Out") -> 1 | H11: =COUNTIFS('Raw Fielding Data'!$D$7:$D$30,$A11,'Raw Fielding Data'!$I$7:$I$30,"Missed Run Out") -> 0 | I11: =COUNTIFS('Raw Fielding Data'!$D$7:$D$30,$A11,'Raw Fielding Data'!$I$7:$I$30,"Direct Hit") -> 0 | J11: =SUMIFS('Raw Fielding Data'!$J$7:$J$30,'Raw Fielding Data'!$D$7:$D$30,$A11) -> -1 | K11: =(B11*$A$6)+(C11*$B$6)+(D11*$C$6)+(E11*$D$6)+(F11*$E$6)+(G11*$F$6)+(H11*$G$6)+(I11*$H$6)+J11 -> 16
A12: Fatima Sana | B12: =COUNTIFS('Raw Fielding Data'!$D$7:$D$30,$A12,'Raw Fielding Data'!$H$7:$H$30,"Clean Pick") -> 3 | C12: =COUNTIFS('Raw Fielding Data'!$D$7:$D$30,$A12,'Raw Fielding Data'!$I$7:$I$30,"Good Throw") -> 3 | D12: =COUNTIFS('Raw Fielding Data'!$D$7:$D$30,$A12,'Raw Fielding Data'!$H$7:$H$30,"Catch") -> 2 | E12: =COUNTIFS('Raw Fielding Data'!$D$7:$D$30,$A12,'Raw Fielding Data'!$H$7:$H$30,"Drop Catch") -> 1 | F12: =COUNTIFS('Raw Fielding Data'!$D$7:$D$30,$A12,'Raw Fielding Data'!$I$7:$I$30,"Stumping") -> 0 | G12: =COUNTIFS('Raw Fielding Data'!$D$7:$D$30,$A12,'Raw Fielding Data'!$I$7:$I$30,"Run Out") -> 0 | H12: =COUNTIFS('Raw Fielding Data'!$D$7:$D$30,$A12,'Raw Fielding Data'!$I$7:$I$30,"Missed Run Out") -> 0 | I12: =COUNTIFS('Raw Fielding Data'!$D$7:$D$30,$A12,'Raw Fielding Data'!$I$7:$I$30,"Direct Hit") -> 0 | J12: =SUMIFS('Raw Fielding Data'!$J$7:$J$30,'Raw Fielding Data'!$D$7:$D$30,$A12) -> 1 | K12: =(B12*$A$6)+(C12*$B$6)+(D12*$C$6)+(E12*$D$6)+(F12*$E$6)+(G12*$F$6)+(H12*$G$6)+(I12*$H$6)+J12 -> 10
A15: Performance Score Formula
A16: PS = (CP×WCP) + (GT×WGT) + (C×WC) + (DC×WDC) + (ST×WST) + (RO×WRO) + (MRO×WMRO) + (DH×WDH) + RS
A18: Weight key (matches the inputs row above):
A19: CP: Clean Picks — 1 point each
A20: GT: Good Throws — 1 point each
A21: C: Catches — 3 points each
A22: DC: Dropped Catches — minus 3 points each
A23: ST: Stumpings — 3 points each
A24: RO: Run Outs — 3 points each
A25: MRO: Missed Run Outs — minus 2 points each
A26: DH: Direct Hits — 2 points each
A27: RS: Runs Saved — added as-is (negative if runs conceded)
